Workbook

Sheet No_Nans_Monthly
A1: Date | B1: AAA | C1: S&P500 | D1: returns | E1: rolling_vola | G1: Correlation
A2: {=_xlfn.CHOOSECOLS(_xlfn._xlws.FILTER(NoNAS!A1:E7123,NoNAS!A1:A7123=1),3,4,5)} -> 35430 | B2: 0.3 | C2: 740.7 | G2: =CORREL(B2:B342,C2:C342) -> -0.29684921
A3: 35461 | B3: 0.32 | C3: 786.2 | D3: =C3/C2-1 -> 0.061428379
A4: 35489 | B4: 0.32 | C4: 790.8 | D4: =C4/C3-1 -> 0.0058509285
A5: 35520 | B5: 0.32 | C5: 757.1 | D5: =C5/C4-1 -> -0.042615073 | G5: Correlation Rolling Vola
A6: 35550 | B6: 0.32 | C6: 801.3 | D6: =C6/C5-1 -> 0.058380663 | G6: =CORREL(E26:E342,B26:B342) -> 0.11366129
A7: 35580 | B7: 0.32 | C7: 848.3 | D7: =C7/C6-1 -> 0.058654686
A8: 35611 | B8: 0.28 | C8: 885.1 | D8: =C8/C7-1 -> 0.043380879
A9: 35642 | B9: 0.28 | C9: 954.3 | D9: =C9/C8-1 -> 0.078183256
A10: 35671 | B10: 0.25 | C10: 899.5 | D10: =C10/C9-1 -> -0.05742429
A11: 35703 | B11: 0.26 | C11: 947.3 | D11: =C11/C10-1 -> 0.053140634
A12: 35734 | B12: 0.35 | C12: 914.6 | D12: =C12/C11-1 -> -0.03451916
A13: 35762 | B13: 0.41 | C13: 955.4 | D13: =C13/C12-1 -> 0.044609665
A14: 35795 | B14: 0.42 | C14: 970.4 | D14: =C14/C13-1 -> 0.01570023
A15: 35825 | B15: 0.44 | C15: 980.3 | D15: =C15/C14-1 -> 0.010201979
A16: 35853 | B16: 0.42 | C16: 1049.3 | D16: =C16/C15-1 -> 0.070386616
A17: 35885 | B17: 0.4 | C17: 1101.8 | D17: =C17/C16-1 -> 0.050033356
A18: 35915 | B18: 0.41 | C18: 1111.8 | D18: =C18/C17-1 -> 0.0090760574
... A25: 36129 | B25: 0.63 | C25: 1163.6 | D25: =C25/C24-1 -> 0.05906981
A26: 36160 | B26: 0.62 | C26: 1229.2 | D26: =C26/C25-1 -> 0.056376762 | E26: =_xlfn.STDEV.S(D3:D26)*SQRT(12) -> 0.18494844
A27: 36189 | B27: 0.64 | C27: 1279.6 | D27: =C27/C26-1 -> 0.041002278 | E27: =_xlfn.STDEV.S(D4:D27)*SQRT(12) -> 0.18327562
A28: 36217 | B28: 0.59 | C28: 1238.3 | D28: =C28/C27-1 -> -0.032275711 | E28: =_xlfn.STDEV.S(D5:D28)*SQRT(12) -> 0.18696225
A29: 36250 | B29: 0.59 | C29: 1286.4 | D29: =C29/C28-1 -> 0.038843576 | E29: =_xlfn.STDEV.S(D6:D29)*SQRT(12) -> 0.18145166
A30: 36280 | B30: 0.56 | C30: 1335.2 | D30: =C30/C29-1 -> 0.037935323 | E30: =_xlfn.STDEV.S(D7:D30)*SQRT(12) -> 0.17998259
A31: 36308 | B31: 0.6 | C31: 1301.8 | D31: =C31/C30-1 -> -0.025014979 | E31: =_xlfn.STDEV.S(D8:D31)*SQRT(12) -> 0.18101789
A32: 36341 | B32: 0.64 | C32: 1372.7 | D32: =C32/C31-1 -> 0.054463051 | E32: =_xlfn.STDEV.S(D9:D32)*SQRT(12) -> 0.18195244
A33: 36371 | B33: 0.74 | C33: 1328.7 | D33: =C33/C32-1 -> -0.032053617 | E33: =_xlfn.STDEV.S(D10:D33)*SQRT(12) -> 0.18019205
A34: 36403 | B34: 0.78 | C34: 1320.4 | D34: =C34/C33-1 -> -0.0062467073 | E34: =_xlfn.STDEV.S(D11:D34)*SQRT(12) -> 0.17291334
A35: 36433 | B35: 0.69 | C35: 1282.7 | D35: =C35/C34-1 -> -0.028551954 | E35: =_xlfn.STDEV.S(D12:D35)*SQRT(12) -> 0.17374012
A36: 36462 | B36: 0.66 | C36: 1362.9 | D36: =C36/C35-1 -> 0.062524363 | E36: =_xlfn.STDEV.S(D13:D36)*SQRT(12) -> 0.17316398
A37: 36494 | B37: 0.67 | C37: 1388.9 | D37: =C37/C36-1 -> 0.019076968 | E37: =_xlfn.STDEV.S(D14:D37)*SQRT(12) -> 0.1720544
... A342: 45771 | B342: 0.43 | C342: 5484.77 | D342: =C342/C341-1 -> -0.022644939 | E342: =_xlfn.STDEV.S(D319:D342)*SQRT(12) -> 0.13246686

Sheet NoNAS
A1: ID | B1: EOMONTH | C1: observation_date | D1: US AAA Spread | E1: S&P500 Index | F1: Returns | G1: Rolling_vola | I1: Correlation Equity
A2: =IF(B2=B1,0,1) -> 1 | B2: =EOMONTH(C2,0) -> 35430 | C2: 35430 | D2: 0.3 | E2: 740.7 | I2: =CORREL(D2:D7123,E2:E7123) -> -0.28858375
A3: =IF(B4<>B3,1,0) -> 0 | B3: =EOMONTH(C3,0) -> 35461 | C3: 35432 | D3: 0.26 | E3: 737 | F3: =E3/E2-1 -> -0.0049952747
A4: =IF(B5<>B4,1,0) -> 0 | B4: =EOMONTH(C4,0) -> 35461 | C4: 35433 | D4: 0.31 | E4: 748 | F4: =E4/E3-1 -> 0.014925373 | I4: Correlation Rolling Vola
A5: =IF(B6<>B5,1,0) -> 0 | B5: =EOMONTH(C5,0) -> 35461 | C5: 35436 | D5: 0.26 | E5: 747.6 | F5: =E5/E4-1 -> -0.00053475936 | I5: =CORREL(G65:G7123,D65:D7123) -> 0.67600921
A6: =IF(B7<>B6,1,0) -> 0 | B6: =EOMONTH(C6,0) -> 35461 | C6: 35437 | D6: 0.28 | E6: 753.2 | F6: =E6/E5-1 -> 0.0074906367
A7: =IF(B8<>B7,1,0) -> 0 | B7: =EOMONTH(C7,0) -> 35461 | C7: 35438 | D7: 0.28 | E7: 748.4 | F7: =E7/E6-1 -> -0.0063728093
A8: =IF(B9<>B8,1,0) -> 0 | B8: =EOMONTH(C8,0) -> 35461 | C8: 35439 | D8: 0.33 | E8: 754.9 | F8: =E8/E7-1 -> 0.0086851951
A9: =IF(B10<>B9,1,0) -> 0 | B9: =EOMONTH(C9,0) -> 35461 | C9: 35440 | D9: 0.42 | E9: 759.5 | F9: =E9/E8-1 -> 0.0060935223
A10: =IF(B11<>B10,1,0) -> 0 | B10: =EOMONTH(C10,0) -> 35461 | C10: 35443 | D10: 0.3 | E10: 759.5 | F10: =E10/E9-1 -> 0
A11: =IF(B12<>B11,1,0) -> 0 | B11: =EOMONTH(C11,0) -> 35461 | C11: 35444 | D11: 0.32 | E11: 768.9 | F11: =E11/E10-1 -> 0.012376564
A12: =IF(B13<>B12,1,0) -> 0 | B12: =EOMONTH(C12,0) -> 35461 | C12: 35445 | D12: 0.32 | E12: 767.2 | F12: =E12/E11-1 -> -0.0022109507
A13: =IF(B14<>B13,1,0) -> 0 | B13: =EOMONTH(C13,0) -> 35461 | C13: 35446 | D13: 0.29 | E13: 769.8 | F13: =E13/E12-1 -> 0.0033889468
A14: =IF(B15<>B14,1,0) -> 0 | B14: =EOMONTH(C14,0) -> 35461 | C14: 35447 | D14: 0.28 | E14: 776.2 | F14: =E14/E13-1 -> 0.0083138478
A15: =IF(B16<>B15,1,0) -> 0 | B15: =EOMONTH(C15,0) -> 35461 | C15: 35450 | D15: 0.28 | E15: 776.7 | F15: =E15/E14-1 -> 0.00064416388
A16: =IF(B17<>B16,1,0) -> 0 | B16: =EOMONTH(C16,0) -> 35461 | C16: 35451 | D16: 0.32 | E16: 782.7 | F16: =E16/E15-1 -> 0.0077249903
A17: =IF(B18<>B17,1,0) -> 0 | B17: =EOMONTH(C17,0) -> 35461 | C17: 35452 | D17: 0.27 | E17: 786.2 | F17: =E17/E16-1 -> 0.0044717005
... A64: =IF(B65<>B64,1,0) -> 0 | B64: =EOMONTH(C64,0) -> 35550 | C64: 35521 | D64: 0.32 | E64: 759.6 | F64: =E64/E63-1 -> 0.0033020737
A65: =IF(B66<>B65,1,0) -> 0 | B65: =EOMONTH(C65,0) -> 35550 | C65: 35522 | D65: 0.32 | E65: 750.1 | F65: =E65/E64-1 -> -0.012506582 | G65: =_xlfn.STDEV.S(F3:F65)*SQRT(252) -> 0.1425555
A66: =IF(B67<>B66,1,0) -> 0 | B66: =EOMONTH(C66,0) -> 35550 | C66: 35523 | D66: 0.32 | E66: 750.3 | F66: =E66/E65-1 -> 0.00026663112 | G66: =_xlfn.STDEV.S(F4:F66)*SQRT(252) -> 0.14215797
A67: =IF(B68<>B67,1,0) -> 0 | B67: =EOMONTH(C67,0) -> 35550 | C67: 35524 | D67: 0.32 | E67: 757.9 | F67: =E67/E66-1 -> 0.010129282 | G67: =_xlfn.STDEV.S(F5:F67)*SQRT(252) -> 0.14046923
A68: =IF(B69<>B68,1,0) -> 0 | B68: =EOMONTH(C68,0) -> 35550 | C68: 35527 | D68: 0.33 | E68: 762.1 | F68: =E68/E67-1 -> 0.0055416282 | G68: =_xlfn.STDEV.S(F6:F68)*SQRT(252) -> 0.14085689
A69: =IF(B70<>B69,1,0) -> 0 | B69: =EOMONTH(C69,0) -> 35550 | C69: 35528 | D69: 0.32 | E69: 766.1 | F69: =E69/E68-1 -> 0.005248655 | G69: =_xlfn.STDEV.S(F7:F69)*SQRT(252) -> 0.14046536
A70: =IF(B71<>B70,1,0) -> 0 | B70: =EOMONTH(C70,0) -> 35550 | C70: 35529 | D70: 0.32 | E70: 760.6 | F70: =E70/E69-1 -> -0.0071792194 | G70: =_xlfn.STDEV.S(F8:F70)*SQRT(252) -> 0.14063042
A71: =IF(B72<>B71,1,0) -> 0 | B71: =EOMONTH(C71,0) -> 35550 | C71: 35530 | D71: 0.32 | E71: 758.3 | F71: =E71/E70-1 -> -0.0030239285 | G71: =_xlfn.STDEV.S(F9:F71)*SQRT(252) -> 0.13973817
A72: =IF(B73<>B72,1,0) -> 0 | B72: =EOMONTH(C72,0) -> 35550 | C72: 35531 | D72: 0.31 | E72: 737.6 | F72: =E72/E71-1 -> -0.027297903 | G72: =_xlfn.STDEV.S(F10:F72)*SQRT(252) -> 0.14954068
A73: =IF(B74<>B73,1,0) -> 0 | B73: =EOMONTH(C73,0) -> 35550 | C73: 35534 | D73: 0.32 | E73: 743.7 | F73: =E73/E72-1 -> 0.0082700651 | G73: =_xlfn.STDEV.S(F11:F73)*SQRT(252) -> 0.15054653
A74: =IF(B75<>B74,1,0) -> 0 | B74: =EOMONTH(C74,0) -> 35550 | C74: 35535 | D74: 0.32 | E74: 754.7 | F74: =E74/E73-1 -> 0.01479091 | G74: =_xlfn.STDEV.S(F12:F74)*SQRT(252) -> 0.15144688
A75: =IF(B76<>B75,1,0) -> 0 | B75: =EOMONTH(C75,0) -> 35550 | C75: 35536 | D75: 0.32 | E75: 763.5 | F75: =E75/E74-1 -> 0.011660262 | G75: =_xlfn.STDEV.S(F13:F75)*SQRT(252) -> 0.15324746
A76: =IF(B77<>B76,1,0) -> 0 | B76: =EOMONTH(C76,0) -> 35550 | C76: 35537 | D76: 0.31 | E76: 761.8 | F76: =E76/E75-1 -> -0.0022265881 | G76: =_xlfn.STDEV.S(F14:F76)*SQRT(252) -> 0.15314966
... A7123: =IF(B7124<>B7123,1,0) -> 1 | B7123: =EOMONTH(C7123,0) -> 45777 | C7123: 45771 | D7123: 0.43 | E7123: 5484.77 | F7123: =E7123/E7122-1 -> 0.020259084 | G7123: =_xlfn.STDEV.S(F7061:F7123)*SQRT(252) -> 0.31408369

Sheet AAA_spread
A1: observation_date | B1: US AAA Spread | C1: S&P500 Index
A2: 35430 | B2: 0.3 | C2: =IFERROR(VLOOKUP(A2,'S&P500'!$A$1:$B$7126,2,0),FALSE) -> 740.7
A3: 35432 | B3: 0.26 | C3: =IFERROR(VLOOKUP(A3,'S&P500'!$A$1:$B$7126,2,0),FALSE) -> 737
A4: 35433 | B4: 0.31 | C4: =IFERROR(VLOOKUP(A4,'S&P500'!$A$1:$B$7126,2,0),FALSE) -> 748
A5: 35436 | B5: 0.26 | C5: =IFERROR(VLOOKUP(A5,'S&P500'!$A$1:$B$7126,2,0),FALSE) -> 747.6
A6: 35437 | B6: 0.28 | C6: =IFERROR(VLOOKUP(A6,'S&P500'!$A$1:$B$7126,2,0),FALSE) -> 753.2
A7: 35438 | B7: 0.28 | C7: =IFERROR(VLOOKUP(A7,'S&P500'!$A$1:$B$7126,2,0),FALSE) -> 748.4
A8: 35439 | B8: 0.33 | C8: =IFERROR(VLOOKUP(A8,'S&P500'!$A$1:$B$7126,2,0),FALSE) -> 754.9
A9: 35440 | B9: 0.42 | C9: =IFERROR(VLOOKUP(A9,'S&P500'!$A$1:$B$7126,2,0),FALSE) -> 759.5
A10: 35443 | B10: 0.3 | C10: =IFERROR(VLOOKUP(A10,'S&P500'!$A$1:$B$7126,2,0),FALSE) -> 759.5
A11: 35444 | B11: 0.32 | C11: =IFERROR(VLOOKUP(A11,'S&P500'!$A$1:$B$7126,2,0),FALSE) -> 768.9
A12: 35445 | B12: 0.32 | C12: =IFERROR(VLOOKUP(A12,'S&P500'!$A$1:$B$7126,2,0),FALSE) -> 767.2
A13: 35446 | B13: 0.29 | C13: =IFERROR(VLOOKUP(A13,'S&P500'!$A$1:$B$7126,2,0),FALSE) -> 769.8
... A7392: 45771 | B7392: 0.43 | C7392: =IFERROR(VLOOKUP(A7392,'S&P500'!$A$1:$B$7126,2,0),FALSE) -> 5484.77

Sheet S&P500
A1: Datum | B1: Zuletzt | C1: Eröffn | D1: Hoch | E1: Tief
A2: 35430 | B2: 740.7 | C2: 753.9 | D2: 754 | E2: 740.7
A3: 35432 | B3: 737 | C3: 740.7 | D3: 742.8 | E3: 729.5
A4: 35433 | B4: 748 | C4: 737 | D4: 748.2 | E4: 737
A5: 35436 | B5: 747.6 | C5: 748 | D5: 753.3 | E5: 743.8
A6: 35437 | B6: 753.2 | C6: 747.6 | D6: 753.3 | E6: 742.2
A7: 35438 | B7: 748.4 | C7: 753.2 | D7: 755.7 | E7: 747.7
A8: 35439 | B8: 754.9 | C8: 748.4 | D8: 757.7 | E8: 748.4
A9: 35440 | B9: 759.5 | C9: 754.9 | D9: 759.6 | E9: 746.9
A10: 35443 | B10: 759.5 | C10: 759.5 | D10: 762.9 | E10: 756.7
A11: 35444 | B11: 768.9 | C11: 759.5 | D11: 772 | E11: 759.5
A12: 35445 | B12: 767.2 | C12: 768.9 | D12: 771 | E12: 763.7
A13: 35446 | B13: 769.8 | C13: 767.2 | D13: 772 | E13: 765.2
... A7126: 45772 | B7126: 5525.21 | C7126: 5489.73 | D7126: 5528.11 | E7126: 5455.86
